underlying,week_start,week_end,pnl,spot_start,spot_end,move_pct,trailing_vol,short_target,breached_short,breach_amount
AAPL,2026-06-01,2026-06-05,65.91999999999825,306.31,307.34,0.0033626065097449405,0.17244552926317108,300.78036228881115,False,0.0
AAPL,2026-06-08,2026-06-12,-299.13400000000547,301.54,291.13,-0.03452278304702535,0.1855880272367561,295.6816077142113,True,4.551607714211286
AAPL,2026-06-15,2026-06-18,44.95350000000326,296.42,298.01,0.005364010525605475,0.2391382499925872,289.9935557427954,False,0.0
AAPL,2026-06-22,2026-06-26,-435.0774999999994,297.01,283.78,-0.044543954748998416,0.24892931452448216,289.2701832484713,True,5.4901832484713395
AAPL,2026-06-29,2026-07-02,34.95549999999639,281.74,308.63,0.09544260665862138,0.34423383727113477,272.94742131576334,False,0.0
AAPL,2026-07-06,2026-07-10,21.96600000000035,312.66,315.32,0.008507644086227749,0.3867341429280203,300.0019034904488,False,0.0
AAPL,2026-07-13,2026-07-17,25.961999999999534,317.31,333.74,0.051779017364722214,0.3535565264536998,305.5657258380753,False,0.0
AAPL,2026-07-20,2026-07-24,49.927999999999884,326.59,333.02,0.019688294191493944,0.3642272522465898,314.13743309771115,False,0.0
AAPL,2026-07-27,2026-07-31,-383.2365000000136,336.91,308.91,-0.083108248493663,0.2968768777546665,326.43934526831987,True,17.529345268319844
AAPL,2026-08-03,2026-08-07,0.0,303.42,313.33,0.03266099795662767,0.3733125943408808,291.56230134320816,False,0.0
AAPL,2026-08-10,2026-08-14,14.978499999997439,308.26,305.93,-0.007558554467008318,0.379992455012794,295.9975934410285,False,0.0
AAPL,2026-08-17,2026-08-21,22.972500000003492,305.59,309.35,0.0123040675414773,0.34780753959312294,294.4634200196744,False,0.0
AAPL,2026-08-24,2026-08-28,31.962999999988824,310.34,319.7,0.03016046916285369,0.3331523147319015,299.51658890077215,False,0.0
MSFT,2026-06-01,2026-06-05,-385.3024999999907,460.52,416.67,-0.09521844871015367,0.28030161457760316,447.00681698048317,True,30.33681698048315
MSFT,2026-06-08,2026-06-12,-393.08150000000023,411.74,390.74,-0.05100306018361102,0.3623087643148791,396.12343678830337,True,5.3834367883033565
MSFT,2026-06-15,2026-06-18,-440.1050000000105,399.76,379.4,-0.050930558335001035,0.37125773769516773,386.30483445412415,True,6.90483445412417
MSFT,2026-06-22,2026-06-26,51.91799999999057,367.34,372.97,0.01532640060978944,0.3818065556428175,352.65766374456695,False,0.0
MSFT,2026-06-29,2026-07-02,36.943499999993946,368.57,390.49,0.05947309873294087,0.45390920223798054,353.40287852178704,False,0.0
MSFT,2026-07-06,2026-07-10,44.916500000006636,386.74,385.1,-0.004240575063350019,0.3870960582286035,371.06810889692207,False,0.0
MSFT,2026-07-13,2026-07-17,51.911000000007334,390.99,393.82,0.00723803677843419,0.3727315275907452,375.7338362104695,False,0.0
MSFT,2026-07-20,2026-07-24,-431.17450000000827,402.29,381.7,-0.05118198314648644,0.35766540921162,387.2274070136389,True,5.5274070136389355
MSFT,2026-07-27,2026-07-31,164.3125,389.1,464.72,0.19434592649704446,0.3203066491937537,376.0529974145832,False,0.0
MSFT,2026-08-03,2026-08-07,29.94199999999546,487.65,499.99,0.025305034348405687,0.5668586909556699,458.71212731951164,False,0.0
MSFT,2026-08-10,2026-08-14,12.97249999998894,506.06,495.4,-0.021064695885863384,0.5778729495841305,475.4461506954413,False,0.0
MSFT,2026-08-17,2026-08-21,0.0,480.35,483.24,0.006016446341209506,0.5756019529812412,451.40566225207164,False,0.0
MSFT,2026-08-24,2026-08-28,9.978999999992084,487.31,513.53,0.05380558576676032,0.5692492353995932,458.2703523262509,False,0.0
NVDA,2026-06-01,2026-06-05,-431.0905000000057,224.36,205.1,-0.08584417899803895,0.3646444649493761,215.79556691667537,True,10.695566916675375
NVDA,2026-06-08,2026-06-12,36.950500000006286,208.64,205.19,-0.0165356595092024,0.46176029786434925,198.55449318810955,False,0.0
NVDA,2026-06-15,2026-06-18,37.953999999997905,212.45,210.69,-0.008284302188750252,0.4357292378048286,204.0575718270703,False,0.0
NVDA,2026-06-22,2026-06-26,-456.0540000000037,208.65,192.53,-0.07725856697819317,0.45291902717102817,198.75712507619141,True,6.227125076191413
NVDA,2026-06-29,2026-07-02,37.95999999999185,194.97,194.83,-0.0007180591885930469,0.46988410645387546,186.66436689938598,False,0.0
NVDA,2026-07-06,2026-07-10,46.94449999999779,195.55,210.96,0.07880337509588338,0.4091298218603795,187.17465857095226,False,0.0
NVDA,2026-07-13,2026-07-17,52.92750000000524,203.53,202.81,-0.0035375620301675375,0.3596207219288789,195.86774317655525,False,0.0
NVDA,2026-07-20,2026-07-24,56.9204999999929,203.28,206.84,0.017512790240062977,0.38888468865576303,195.00440821688457,False,0.0
NVDA,2026-07-27,2026-07-31,90.87149999999383,196.51,200.75,0.021576510101267158,0.35447236117619985,189.2179338915217,False,0.0
NVDA,2026-08-03,2026-08-07,45.94199999999546,206.64,223.96,0.08381726674409612,0.4243445822645269,197.46055089237356,False,0.0
NVDA,2026-08-10,2026-08-14,34.95249999999942,217.55,225.16,0.034980464261089333,0.42485359536460426,207.874309924211,False,0.0
NVDA,2026-08-17,2026-08-21,-6.033999999999651,225.01,214.72,-0.04573130083107414,0.38250557353577996,216.00003402779228,True,1.2800340277922828
NVDA,2026-08-24,2026-08-28,120.77850000000035,208.48,217.55,0.043505372217958665,0.38268426399443506,200.12803691387867,False,0.0
AMZN,2026-06-01,2026-06-05,-406.12300000000687,261.26,246.03,-0.05829441935236925,0.21285768312250208,255.4383536899506,True,9.408353689950587
AMZN,2026-06-08,2026-06-12,60.915500000002794,245.22,238.55,-0.027200065247532778,0.277277099370818,238.10207424459372,False,0.0
AMZN,2026-06-15,2026-06-18,58.933499999999185,246.02,244.39,-0.006625477603446971,0.28085354914930993,239.75581571428157,False,0.0
AMZN,2026-06-22,2026-06-26,64.91750000001048,232.79,232.69,-0.0004295717169981284,0.3300879568465395,224.74589810335917,False,0.0
AMZN,2026-06-29,2026-07-02,57.93499999999767,240.14,242.67,0.010535520946114771,0.3696382927808974,232.0925987310966,False,0.0
AMZN,2026-07-06,2026-07-10,55.93399999999383,244.16,245.34,0.0048328964613368565,0.372536946919757,234.63801636475162,False,0.0
AMZN,2026-07-13,2026-07-17,50.93450000000303,247.31,247.23,-0.00032348065181356397,0.34575955452237567,238.35842549134068,False,0.0
AMZN,2026-07-20,2026-07-24,-421.1015000000043,249.99,232.11,-0.07152286091443656,0.3235371118684587,241.52298548424352,True,9.412985484243507
AMZN,2026-07-27,2026-07-31,169.5749999999971,231.39,271.58,0.17368944206750508,0.28939511056479683,224.3799786802301,False,0.0
AMZN,2026-08-03,2026-08-07,25.964000000007218,284.02,274.48,-0.0335891838602914,0.5869309635791929,266.5690325735826,False,0.0
AMZN,2026-08-10,2026-08-14,10.983500000002095,278.09,262.65,-0.055521593728648996,0.6145677418145639,260.1988318983937,False,0.0
AMZN,2026-08-17,2026-08-21,9.985000000000582,261.31,258.63,-0.010256017756687486,0.6155796064924274,244.4707084183843,False,0.0
AMZN,2026-08-24,2026-08-28,8.983500000002095,262.07,266.43,0.016636776433777287,0.5958960248494782,245.72174661010325,False,0.0
GOOGL,2026-06-01,2026-06-05,64.90150000000722,376.37,368.53,-0.020830565666764174,0.2593620376873018,366.1510806398365,False,0.0
GOOGL,2026-06-08,2026-06-12,88.85549999999057,363.31,359.68,-0.009991467341939378,0.3064856356688718,351.6534229111371,False,0.0
GOOGL,2026-06-15,2026-06-18,71.8859999999986,369.35,368.03,-0.0035738459455802083,0.25745089486395134,360.7292171803544,False,0.0
GOOGL,2026-06-22,2026-06-26,-167.15899999999965,349.68,337.39,-0.035146419583619366,0.2904365281824741,339.0482294921853,True,1.6582294921853418
GOOGL,2026-06-29,2026-07-02,47.91400000000431,353.65,359.91,0.017701116923512082,0.3286706632266088,343.1122279762586,False,0.0
GOOGL,2026-07-06,2026-07-10,51.911999999996624,366.46,357.18,-0.025323364077934764,0.3509141205870776,352.9979566403481,False,0.0
GOOGL,2026-07-13,2026-07-17,59.91000000000349,352.51,346.77,-0.016283226007772857,0.3218883012134127,340.63153840530526,False,0.0
GOOGL,2026-07-20,2026-07-24,-394.3700000000099,351.99,319.74,-0.09162192107730333,0.36885887636872067,338.39828911856006,True,18.65828911856005
GOOGL,2026-07-27,2026-07-31,40.92750000000524,326.56,356.13,0.09054997550220478,0.42123114195567735,312.15984979195474,False,0.0
GOOGL,2026-08-03,2026-08-07,-29.074500000002445,373.51,354.3,-0.05143101924981923,0.4629928221871028,355.40660383867635,True,1.1066038386763353
GOOGL,2026-08-10,2026-08-14,17.971999999994296,357.52,345.9,-0.032501678227791465,0.5136671260879802,338.295029701305,False,0.0
GOOGL,2026-08-17,2026-08-21,15.973999999987427,344.0,344.82,0.0023837209302325383,0.4817937778641591,326.64985163066194,False,0.0
GOOGL,2026-08-24,2026-08-28,36.94049999999697,348.06,346.59,-0.004223409756938537,0.38864583123891705,333.8990727079098,False,0.0
META,2026-06-01,2026-06-05,137.5390000000043,600.47,593.0,-0.012440255133478819,0.19900533203283086,587.9605103886792,False,0.0
META,2026-06-08,2026-06-12,81.79499999999825,585.39,566.98,-0.031449119390491755,0.37056414718594655,562.6813006326299,False,0.0
META,2026-06-15,2026-06-18,67.80599999999686,593.48,577.22,-0.027397721911437606,0.36040396620543075,574.0885696425022,False,0.0
META,2026-06-22,2026-06-26,42.8695000000007,563.85,550.25,-0.02411989004167779,0.4518500361815593,537.178866722466,False,0.0
META,2026-06-29,2026-07-02,45.88299999998708,562.6,582.9,0.036082474226804044,0.4400883877309037,540.1532312569611,False,0.0
META,2026-07-06,2026-07-10,22.88749999999709,600.29,669.21,0.11481117459894397,0.5288382699033786,567.0571530192665,False,0.0
META,2026-07-13,2026-07-17,62.784499999994296,656.73,646.01,-0.016323298768139153,0.5577337654211236,618.3860052276776,False,0.0
META,2026-07-20,2026-07-24,-447.21050000000105,645.85,595.19,-0.07843926608345586,0.5307777603877109,609.9637610176617,True,14.773761017661627
META,2026-07-27,2026-07-31,-141.97900000000664,593.87,556.71,-0.06257261690268909,0.5428529540777147,560.1212916513584,True,3.411291651358397
META,2026-08-03,2026-08-07,37.87400000001071,590.24,592.1,0.0031512605042017037,0.5189350402083469,558.1754464061,False,0.0
META,2026-08-10,2026-08-14,39.88199999999779,594.92,589.85,-0.008522154239225336,0.4566344127071376,566.4812325308349,False,0.0
META,2026-08-17,2026-08-21,0.0,568.97,549.9,-0.03351670562595576,0.45213027054698124,542.0399899253565,False,0.0
META,2026-08-24,2026-08-28,46.891499999997905,559.02,578.02,0.03398805051697614,0.4714988204087805,531.4274702249642,False,0.0
TSLA,2026-06-01,2026-06-05,-409.2305000000051,415.88,391.0,-0.0598249495046648,0.38943740926850967,398.92533293117657,True,7.92533293117657
TSLA,2026-06-08,2026-06-12,68.783500000005,408.95,406.43,-0.00616212250886412,0.4779771170116395,388.4873968635172,False,0.0
TSLA,2026-06-15,2026-06-18,50.857499999998254,411.15,400.49,-0.02592727714945876,0.5064204490615353,392.27331521591907,False,0.0
TSLA,2026-06-22,2026-06-26,-438.1560000000027,405.05,379.71,-0.0625601777558327,0.4618080719900183,385.46814999156277,True,5.758149991562789
TSLA,2026-06-29,2026-07-02,65.83299999999872,411.84,393.45,-0.04465326340326337,0.49067493511044,393.51953071529823,True,0.06953071529824228
TSLA,2026-07-06,2026-07-10,44.8865000000078,419.77,407.76,-0.028610905972318156,0.6256687238131379,392.27590641550836,False,0.0
TSLA,2026-07-13,2026-07-17,39.90699999999197,394.76,380.84,-0.03526193130003044,0.6062748462248169,369.70547036426956,False,0.0
TSLA,2026-07-20,2026-07-24,-395.3325000000041,369.57,313.03,-0.1529886083827151,0.593374344601089,346.6133222249764,True,33.58332222497643
TSLA,2026-07-27,2026-07-31,21.94200000001001,309.22,311.21,0.006435547506629429,0.795490835089746,283.469461249784,False,0.0
TSLA,2026-08-03,2026-08-07,34.93050000000221,322.08,328.58,0.02018132141082961,0.6869461633511954,298.91832180544816,False,0.0
TSLA,2026-08-10,2026-08-14,11.971999999994296,330.88,342.27,0.03442335589941969,0.6435825130528603,308.587523588394,False,0.0
TSLA,2026-08-17,2026-08-21,12.970500000010361,339.3,362.86,0.06943707633362806,0.6606737545599455,315.83316726757937,False,0.0
TSLA,2026-08-24,2026-08-28,69.85699999998906,348.95,348.75,-0.0005731480154749639,0.3690632892208805,335.4682082594881,False,0.0
AVGO,2026-06-01,2026-06-05,-306.10749999999825,459.97,385.73,-0.1614018305541666,0.38971827533750586,441.2043400360433,True,55.47434003604326
AVGO,2026-06-08,2026-06-12,50.88150000000314,396.6,382.07,-0.036636409480585046,0.7052162561940952,367.32084167286234,False,0.0
AVGO,2026-06-15,2026-06-18,40.90350000000035,393.94,411.35,0.044194547393004074,0.696959899958624,369.0484427735601,False,0.0
AVGO,2026-06-22,2026-06-26,34.89649999998801,392.13,365.02,-0.06913523576364984,0.7495935224455933,361.3591525069231,False,0.0
AVGO,2026-06-29,2026-07-02,36.915500000002794,372.45,360.45,-0.03221908981071285,0.7756883413931173,346.2579532171271,False,0.0
AVGO,2026-07-06,2026-07-10,38.90450000000419,373.9,399.97,0.06972452527413761,0.7202610525627452,345.7078005037916,False,0.0
AVGO,2026-07-13,2026-07-17,79.78199999999197,384.05,370.825,-0.034435620361932096,0.501763698341481,363.87699618706404,False,0.0
AVGO,2026-07-20,2026-07-24,103.67900000000373,378.16,381.92,0.009942881320076133,0.4855342092357906,358.9388668544937,False,0.0
AVGO,2026-07-27,2026-07-31,102.66849999999977,383.22,389.28,0.015813370909660104,0.4445723551827351,365.3849560670263,False,0.0
AVGO,2026-08-03,2026-08-07,95.71700000000419,392.23,427.76,0.09058460597098633,0.4385605697314273,374.22247801143544,False,0.0
AVGO,2026-08-10,2026-08-14,-458.14100000000326,422.4,392.99,-0.0696259469696969,0.4371650218994385,403.06906416844606,True,10.079064168446052
AVGO,2026-08-17,2026-08-21,-434.125,392.43,368.45,-0.061106439364982335,0.4289291937431243,374.8089667786705,True,6.358966778670492
AVGO,2026-08-24,2026-08-28,58.87649999999849,358.76,368.79,0.02795740885271499,0.44587865691909073,342.0142631183128,False,0.0
JPM,2026-06-01,2026-06-05,68.91950000000361,296.58,312.37,0.0532402724391396,0.2230886149655621,289.6536755480349,False,0.0
JPM,2026-06-08,2026-06-12,60.90549999999348,311.11,320.72,0.030889396033557306,0.22664791713509513,303.7284210932202,False,0.0
JPM,2026-06-15,2026-06-18,58.93050000000221,319.4,325.22,0.018221665623043365,0.2251968125128392,312.8790428554301,False,0.0
JPM,2026-06-22,2026-06-26,52.93249999999534,331.48,329.05,-0.007330759020152066,0.25487553654694434,322.63558634050764,False,0.0
JPM,2026-06-29,2026-07-02,49.955000000001746,329.39,334.47,0.015422447554570696,0.2473733728396354,322.00283914437773,False,0.0
JPM,2026-07-06,2026-07-10,51.93399999999383,337.72,336.47,-0.003701291010304394,0.24888703347580668,328.9208116234939,False,0.0
JPM,2026-07-13,2026-07-17,100.83250000000407,334.53,341.1,0.01963949421576555,0.24680466916304428,325.88685088685406,False,0.0
JPM,2026-07-20,2026-07-24,57.9259999999922,338.87,353.21,0.04231711275710442,0.22376309445016407,330.93210873749194,False,0.0
JPM,2026-07-27,2026-07-31,71.90600000000268,356.2,351.79,-0.012380685008422146,0.20454950068091138,348.5726108927882,False,0.0
JPM,2026-08-03,2026-08-07,66.92849999999453,352.64,357.52,0.013838475499092546,0.23212232989368373,344.07096222476974,False,0.0
JPM,2026-08-10,2026-08-14,46.94650000000547,359.79,362.84,0.008477167236443353,0.20950120558752677,351.8992337508461,False,0.0
JPM,2026-08-17,2026-08-21,-277.0755000000063,360.96,351.58,-0.025986258865248215,0.184107467424624,354.00312747948334,True,2.4231274794833553
JPM,2026-08-24,2026-08-28,74.92250000000058,356.39,357.62,0.003451275288307804,0.19180360199957372,349.2340741484303,False,0.0
V,2026-06-01,2026-06-05,71.87699999999313,322.77,323.57,0.00247854509402984,0.16310261001801374,317.25890831151094,False,0.0
V,2026-06-08,2026-06-12,70.91250000000582,319.67,322.39,0.008508774673882348,0.19799628449373707,313.04413649463265,False,0.0
V,2026-06-15,2026-06-18,52.94049999999697,323.82,327.24,0.01056142301278493,0.19633889178152586,318.0559969903506,False,0.0
V,2026-06-22,2026-06-26,74.90050000000338,326.6,336.23,0.02948560930802203,0.2082479963097458,319.47999046390805,False,0.0
V,2026-06-29,2026-07-02,50.9435000000085,341.65,362.13,0.05994438753109914,0.21617722275881215,334.95415250894735,False,0.0
V,2026-07-06,2026-07-10,-26.09450000000652,357.25,348.97,-0.023177046885934142,0.21787710148292902,349.1016928766492,True,0.13169287664919693
V,2026-07-13,2026-07-17,73.89100000000326,357.75,358.56,0.0022641509433962326,0.22332846658576982,349.3861296934434,False,0.0
V,2026-07-20,2026-07-24,63.90700000000652,360.57,355.74,-0.013395457192778057,0.2395877550098424,351.5264744179793,False,0.0
V,2026-07-27,2026-07-31,105.77500000000873,362.53,366.13,0.00993021267205479,0.2450007906411622,353.2318831359059,False,0.0
V,2026-08-03,2026-08-07,57.929000000003725,365.67,362.5,-0.008669018513960718,0.20899610430646082,357.6696113301455,False,0.0
V,2026-08-10,2026-08-14,45.93600000000151,361.32,364.15,0.007832392339200665,0.20848137814775305,353.43425309377346,False,0.0
V,2026-08-17,2026-08-21,55.93300000000454,358.84,371.04,0.033998439415895795,0.1626474033508908,352.73013596771716,False,0.0
V,2026-08-24,2026-08-28,53.92699999999604,382.41,381.6,-0.002118145445987297,0.16931745664764936,375.6317974864362,False,0.0
UNH,2026-06-01,2026-06-05,79.85400000000664,379.86,399.47,0.05162428263044283,0.2453446186068203,370.10373329681823,False,0.0
UNH,2026-06-08,2026-06-12,84.81050000000687,406.57,408.52,0.004796222052783011,0.2906132632590828,394.20100755350074,False,0.0
UNH,2026-06-15,2026-06-18,47.91599999999744,411.04,400.96,-0.024523160762942878,0.2692137640516866,401.0078147678522,True,0.04781476785223049
UNH,2026-06-22,2026-06-26,68.87450000000536,406.68,427.89,0.052154027736795464,0.26840329864015866,395.253210494069,False,0.0
UNH,2026-06-29,2026-07-02,44.88249999999243,419.82,425.36,0.013196131675480017,0.26015505523684107,409.91830399502487,False,0.0
UNH,2026-07-06,2026-07-10,57.8810000000085,417.99,424.62,0.015861623483815392,0.28390639016790875,405.56705326857923,False,0.0
UNH,2026-07-13,2026-07-17,162.20850000000792,429.09,426.09,-0.00699154023631406,0.25193864571796293,417.7731190493197,False,0.0
UNH,2026-07-20,2026-07-24,56.86150000001362,421.55,420.74,-0.0019214802514529764,0.24951759344031807,410.5388208108114,False,0.0
UNH,2026-07-27,2026-07-31,78.85650000000896,417.64,414.4,-0.007757877597931255,0.27785986669136536,405.49181285890404,False,0.0
UNH,2026-08-03,2026-08-07,74.85649999999441,415.36,407.08,-0.01993451463790454,0.26281410019390933,403.93235090997143,False,0.0
UNH,2026-08-10,2026-08-14,60.90649999999732,408.74,401.73,-0.017150266673190757,0.2524126924320834,397.9395489381619,False,0.0
UNH,2026-08-17,2026-08-21,60.90450000000419,395.62,390.11,-0.013927506192811261,0.2512267253484336,385.21534607305455,False,0.0
UNH,2026-08-24,2026-08-28,79.88099999999395,398.76,392.95,-0.014570167519309866,0.21697044437623833,389.702763058704,False,0.0
XOM,2026-06-01,2026-06-05,36.96850000000268,149.38,149.92,0.003614941759271603,0.3258178697684511,144.28492104423736,False,0.0
XOM,2026-06-08,2026-06-12,50.959499999997206,151.75,147.01,-0.031235584843492648,0.31474081202914483,146.75005388240325,False,0.0
XOM,2026-06-15,2026-06-18,39.970000000001164,140.92,137.81,-0.0220692591541299,0.31020357645007335,136.95691278134132,False,0.0
XOM,2026-06-22,2026-06-26,35.97400000000198,138.47,136.54,-0.01393803711995383,0.2776523951397135,134.44523358931215,False,0.0
XOM,2026-06-29,2026-07-02,40.974499999996624,136.06,137.09,0.0075701896222254966,0.2714798443216724,132.71125365015823,False,0.0
XOM,2026-07-06,2026-07-10,39.97299999999814,136.44,138.88,0.017883318674875387,0.2312911304456922,133.13642437603,False,0.0
XOM,2026-07-13,2026-07-17,42.97049999999581,144.51,147.36,0.019721818559269414,0.27484139040850336,140.3521999376732,False,0.0
XOM,2026-07-20,2026-07-24,42.97049999999581,148.36,156.94,0.05783229981126977,0.2596798239400052,144.32690366139067,False,0.0
XOM,2026-07-27,2026-07-31,78.91249999999127,154.77,155.44,0.004329004329004248,0.2427315792562745,150.8372473938302,False,0.0
XOM,2026-08-03,2026-08-07,37.962999999988824,155.06,153.04,-0.01302721527150787,0.26710064487355495,150.72430943234397,False,0.0
XOM,2026-08-10,2026-08-14,47.96600000000035,159.79,160.1,0.001940046310782917,0.23875341756680024,155.7962326971666,False,0.0
XOM,2026-08-17,2026-08-21,52.958499999993364,161.46,165.11,0.022606218258392204,0.2476761572575402,157.27367720483497,False,0.0
XOM,2026-08-24,2026-08-28,-274.04349999999977,164.05,156.71,-0.044742456568119496,0.24597649106698702,159.8257131621301,True,3.115713162130106
WMT,2026-06-01,2026-06-05,13.980999999999767,114.6,118.88,0.03734729493891799,0.3259426196360823,110.68970670944803,False,0.0
WMT,2026-06-08,2026-06-12,17.986000000004424,119.83,121.04,0.010097638320954753,0.36139082057061095,115.29657703904233,False,0.0
WMT,2026-06-15,2026-06-18,17.987999999997555,120.82,117.18,-0.030127462340671964,0.3479889326817463,117.00830222583363,False,0.0
WMT,2026-06-22,2026-06-26,20.98649999999907,117.18,115.69,-0.012715480457416018,0.33861307671961444,113.0262458996932,False,0.0
WMT,2026-06-29,2026-07-02,11.98399999999674,114.6,111.84,-0.024083769633507775,0.2403748850757393,112.10260117890442,True,0.2626011789044185
WMT,2026-07-06,2026-07-10,36.97849999999744,110.65,113.9,0.029371893357433346,0.25124625480681595,107.73972131597463,False,0.0
WMT,2026-07-13,2026-07-17,32.98050000000512,114.78,114.24,-0.004704652378463201,0.2542900750497564,111.72452176953558,False,0.0
WMT,2026-07-20,2026-07-24,26.984499999991385,112.2,109.47,-0.02433155080213907,0.2604346867885467,109.14102979462841,False,0.0
WMT,2026-07-27,2026-07-31,29.979000000006636,111.74,111.2,-0.004832647216753106,0.24903452112251254,108.82692421224553,False,0.0
WMT,2026-08-03,2026-08-07,32.97950000000128,110.71,111.85,0.010297172793785572,0.22112869311453567,108.14719529035182,False,0.0
WMT,2026-08-10,2026-08-14,23.98200000000361,112.66,115.27,0.02316705130481093,0.20441827838440693,110.24913419742727,False,0.0
WMT,2026-08-17,2026-08-21,-376.1009999999951,114.33,103.7,-0.09297647161724827,0.20256112971540297,111.90562455086607,True,8.205624550866062
WMT,2026-08-24,2026-08-28,8.993499999996857,106.49,103.09,-0.031927880552164445,0.39051938446028883,102.13653570866148,False,0.0
COST,2026-06-01,2026-06-05,57.79200000000128,946.11,971.87,0.027227278012070467,0.27925091663632007,918.4520616899023,False,0.0
COST,2026-06-08,2026-06-12,140.78049999999348,974.75,982.35,0.007796870992562219,0.2733570112077116,946.8562422605476,False,0.0
COST,2026-06-15,2026-06-18,-305.150999999998,979.45,951.45,-0.028587472561131245,0.2616917093558272,956.212659078222,True,4.762659078221986
COST,2026-06-22,2026-06-26,63.78299999999581,951.35,952.54,0.001250854049508531,0.23032370563231042,928.411631508044,False,0.0
COST,2026-06-29,2026-07-02,141.77300000000105,946.68,951.67,0.005271052520387047,0.21736973512670882,928.0240884770816,False,0.0
COST,2026-07-06,2026-07-10,-381.30749999999534,950.25,916.25,-0.035780057879505396,0.19802650946235412,930.5509730610516,True,14.30097306105165
COST,2026-07-13,2026-07-17,35.802000000010594,926.43,940.87,0.015586714592575861,0.23678453517618703,903.4658958456349,False,0.0
COST,2026-07-20,2026-07-24,63.85199999999895,935.8,935.03,-0.0008228253900405876,0.2570839465365134,910.6150227722445,False,0.0
COST,2026-07-27,2026-07-31,24.80250000000524,951.58,951.89,0.0003257739759136861,0.2449857925122708,927.1755082156868,False,0.0
COST,2026-08-03,2026-08-07,101.73600000000442,954.08,947.82,-0.006561294650343777,0.2390410649873356,930.2051379732885,False,0.0
COST,2026-08-10,2026-08-14,186.716499999995,952.75,961.1,0.008764103909735001,0.18154851170119776,934.642636755565,False,0.0
COST,2026-08-17,2026-08-21,151.67699999999604,953.5,947.74,-0.006040901940220232,0.14771186896644664,938.7558529370584,False,0.0
COST,2026-08-24,2026-08-28,-355.2274999999936,971.4,945.47,-0.026693432159769354,0.18215351762274834,952.8766631282672,True,7.406663128267155
NFLX,2026-06-01,2026-06-05,-130.02999999999884,85.85,82.18,-0.042748980780430844,0.23717126573518035,83.71849706855424,True,1.5384970685542356
NFLX,2026-06-08,2026-06-12,-18.029999999998836,82.64,80.34,-0.027831558567279733,0.23390287830004167,80.61647097579052,True,0.2764709757905166
NFLX,2026-06-15,2026-06-18,-226.02099999999336,81.67,77.38,-0.05252846822578678,0.2077015953423871,80.13214077178242,True,2.752140771782422
NFLX,2026-06-22,2026-06-26,43.97200000000885,72.88,73.81,0.012760702524698228,0.2242757487249432,71.16890452577513,False,0.0
NFLX,2026-06-29,2026-07-02,31.980999999999767,73.78,77.65,0.05245323936026029,0.3350503569260986,71.53889125144467,False,0.0
NFLX,2026-07-06,2026-07-10,20.98649999999907,76.02,73.37,-0.034859247566429774,0.41221681335791166,72.73952199407175,False,0.0
NFLX,2026-07-13,2026-07-17,-86.10149999998976,73.83,68.95,-0.06609779222538258,0.4193628126221026,70.58879613407196,True,1.6387961340719528
NFLX,2026-07-20,2026-07-24,10.991500000003725,67.6,70.09,0.03683431952662736,0.4713995477836783,64.26405085848133,False,0.0
NFLX,2026-07-27,2026-07-31,14.990499999999884,70.4,71.71,0.018607954545454376,0.4361462351246746,67.1856856251763,False,0.0
NFLX,2026-08-03,2026-08-07,39.97600000000966,73.33,74.14,0.011045956634392503,0.35162982222016453,70.63070127522995,False,0.0
NFLX,2026-08-10,2026-08-14,34.98049999999057,76.29,78.16,0.02451173155066182,0.34524324607203916,73.53274857627838,False,0.0
NFLX,2026-08-17,2026-08-21,30.982499999998254,76.02,79.59,0.04696132596685093,0.2924563394600302,73.69259229074697,False,0.0
NFLX,2026-08-24,2026-08-28,17.987999999997555,80.01,81.72,0.021372328458942554,0.3207855419932208,77.32315495914149,False,0.0
AMD,2026-06-01,2026-06-05,49.721000000005006,510.13,466.38,-0.08576245270813322,0.8887350599323149,462.6690156812799,False,0.0
AMD,2026-06-08,2026-06-12,98.61549999999988,490.33,511.57,0.043317765586441806,0.7942075066933568,449.5632568908438,False,0.0
AMD,2026-06-15,2026-06-18,44.6475000000064,547.26,537.37,-0.018071848846983127,0.8069516933604844,507.22356138024475,False,0.0
AMD,2026-06-22,2026-06-26,76.56350000000384,551.63,521.58,-0.05447491978318793,0.8230859383070346,504.09903599390424,False,0.0
AMD,2026-06-29,2026-07-02,49.67500000000291,539.49,517.82,-0.04016756566386765,0.8025473752090304,500.23741408684305,False,0.0
AMD,2026-07-06,2026-07-10,62.65649999999732,552.05,557.89,0.010578751924644565,0.8910901257042801,500.5528008779897,False,0.0
AMD,2026-07-13,2026-07-17,99.5399999999936,534.39,495.76,-0.07228802934186641,0.8094375962376913,489.1080356547335,False,0.0
AMD,2026-07-20,2026-07-24,56.25650000000314,503.57,521.95,0.03649939432452301,0.7280733325626871,465.1888010599113,False,0.0
AMD,2026-07-27,2026-07-31,108.40849999999045,494.95,476.15,-0.03798363471057685,0.7387030121843766,456.6750385498741,False,0.0
AMD,2026-08-03,2026-08-07,106.25350000000617,484.64,483.36,-0.0026411356883459325,0.8566427317375953,441.17871589178577,False,0.0
AMD,2026-08-10,2026-08-14,35.88300000000163,469.56,514.39,0.09547235710026404,0.8397675695475592,428.2805638705443,False,0.0
AMD,2026-08-17,2026-08-21,24.897500000006403,506.0,473.25,-0.06472332015810277,0.8345336615320387,461.79433387554946,False,0.0
AMD,2026-08-24,2026-08-28,30.89650000000256,456.745,465.58,0.019343397300463014,0.7947118482248786,418.74644749733113,False,0.0
